column,min,max
Distance_X,-813.9287676,812.1102333272916
Distance_Y,65.50759614,1023.9753606086138
Velocity_x,-7.083290281,7.999999999999989
Velocity_y,-7.991966048,7.982954972793153
